City_ID,City,Country,Date,Lat,Lng,Max Temp,Cloudiness,Wind Speed
0,Punta Arenas,CL,2022-05-01 04:08:30,-53.15,-70.9167,42.12,40,9.22
1,Iqaluit,CA,2022-05-01 04:08:30,63.7506,-68.5145,16.7,96,2.53
2,Hambantota,LK,2022-05-01 04:06:14,6.1241,81.1185,82.74,75,8.05
3,Muros,ES,2022-05-01 04:04:56,42.7762,-9.0603,55.83,59,4.45
4,Tuatapere,NZ,2022-05-01 04:08:31,-46.1333,167.6833,55.42,100,1.3
5,Kapaa,US,2022-05-01 04:04:23,22.0752,-159.319,80.58,75,17.27
6,Haines Junction,CA,2022-05-01 04:08:32,60.7522,-137.5108,35.78,99,3.24
7,Fairbanks,US,2022-05-01 04:02:27,64.8378,-147.7164,51.49,16,4.83
8,Chapais,CA,2022-05-01 04:08:32,49.7834,-74.8492,28.31,6,3.69
9,Bubaque,GW,2022-05-01 04:06:47,11.2833,-15.8333,76.78,32,5.23
10,Mahebourg,MU,2022-05-01 04:04:44,-20.4081,57.7,77.25,20,10.13
11,Trairi,BR,2022-05-01 04:08:33,-3.2778,-39.2689,75.87,71,6.4
12,Upernavik,GL,2022-05-01 04:03:49,72.7868,-56.1549,-3.41,6,7.7
13,Ushuaia,AR,2022-05-01 04:04:00,-54.8,-68.3,36.28,72,7.99
14,San Jose,US,2022-05-01 04:08:34,37.3394,-121.895,57.4,20,16.11
15,Tuktoyaktuk,CA,2022-05-01 04:04:18,69.4541,-133.0374,33.44,98,11.25
16,Ilulissat,GL,2022-05-01 04:04:04,69.2167,-51.1,12.22,2,1.14
17,Natal,BR,2022-05-01 04:04:34,-5.795,-35.2094,75.85,0,3.44
18,Kwale,NG,2022-05-01 04:08:35,5.7063,6.4374,75.04,97,2.44
19,Oranjemund,NA,2022-05-01 04:05:51,-28.55,16.4333,55.45,0,6.22
20,Kavieng,PG,2022-05-01 04:05:12,-2.5744,150.7967,83.46,94,3.74
21,Liverpool,GB,2022-05-01 04:07:17,53.4106,-2.9779,48.81,100,8.05
22,Busselton,AU,2022-05-01 04:04:07,-33.65,115.3333,68.05,0,4.23
23,Chifeng,CN,2022-05-01 04:08:35,42.2683,118.9636,57.96,30,19.64
24,Ponta Do Sol,PT,2022-05-01 04:06:40,32.6667,-17.1,65.03,0,3.62
25,Nikolskoye,RU,2022-05-01 04:04:29,59.7035,30.7861,39.79,100,5.84
26,Hilo,US,2022-05-01 04:03:49,19.7297,-155.09,76.73,75,8.05
27,Opotiki,NZ,2022-05-01 04:08:36,-38.0833,177.2833,63.03,12,4.85
28,Bathsheba,BB,2022-05-01 04:06:31,13.2167,-59.5167,79.41,40,14.97
29,Iwaki,JP,2022-05-01 04:08:37,37.05,140.8833,61.34,100,5.01
30,Rikitea,PF,2022-05-01 04:03:45,-23.1203,-134.9692,76.64,95,10.02
31,Acatlan,MX,2022-05-01 04:08:37,20.15,-98.45,61.74,92,4.14
32,Hobart,AU,2022-05-01 04:00:46,-42.8794,147.3294,66.06,40,17.27
33,Tiksi,RU,2022-05-01 04:03:54,71.6872,128.8694,34.21,100,11.25
34,Souillac,MU,2022-05-01 04:04:13,-20.5167,57.5167,77.25,25,9.62
35,Cape Town,ZA,2022-05-01 03:59:37,-33.9258,18.4232,58.1,0,8.05
36,Avarua,CK,2022-05-01 04:03:39,-21.2078,-159.775,80.65,80,8.05
37,Carnarvon,AU,2022-05-01 04:03:43,-24.8667,113.6333,83.62,0,7.85
38,Arlit,NE,2022-05-01 04:08:38,18.7369,7.3853,82.49,49,9.51
39,Flinders,AU,2022-05-01 04:06:18,-34.5833,150.8552,68.25,6,4.47
40,Lavrentiya,RU,2022-05-01 04:06:24,65.5833,-171.0,28.8,99,11.48
41,Esperance,AU,2022-05-01 04:04:27,-33.8667,121.9,68.2,0,6.96
42,Pangnirtung,CA,2022-05-01 04:07:42,66.1451,-65.7125,22.73,99,3.6
43,Airai,TL,2022-05-01 04:03:43,-8.9266,125.4092,77.11,55,5.39
44,Mataura,NZ,2022-05-01 04:04:46,-46.1927,168.8643,52.48,100,0.4
45,Kyra,RU,2022-05-01 04:08:40,49.5776,111.9753,64.04,39,13.58
46,Ossora,RU,2022-05-01 04:08:40,59.2353,163.0719,31.55,24,1.95
47,Codrington,AU,2022-05-01 04:05:25,-38.2667,141.9667,66.96,97,12.75
48,Khatanga,RU,2022-05-01 04:03:58,71.9667,102.5,22.8,100,12.21
49,Boddam,GB,2022-05-01 04:07:03,57.4667,-1.7833,46.78,100,10.67
50,Port Alfred,ZA,2022-05-01 04:03:56,-33.5906,26.891,54.18,61,1.99
51,Vaini,TO,2022-05-01 04:04:03,-21.2,-175.2,79.95,100,13.94
52,Lorengau,PG,2022-05-01 04:04:57,-2.0226,147.2712,83.14,100,4.85
53,Atuona,PF,2022-05-01 04:03:42,-9.8,-139.0333,79.23,4,11.9
54,Araouane,ML,2022-05-01 04:08:42,18.9048,-3.5265,76.05,2,12.39
55,Sorland,NO,2022-05-01 04:06:43,67.667,12.6934,38.44,100,25.21
56,Zhanaozen,KZ,2022-05-01 04:08:42,43.3,52.8,61.11,34,13.49
57,Rio Grande,BR,2022-05-01 04:07:51,-32.035,-52.0986,56.95,99,3.96
58,Fasa,IR,2022-05-01 04:08:43,28.9383,53.6482,67.24,0,13.8
59,Grindavik,IS,2022-05-01 04:06:57,63.8424,-22.4338,43.27,75,14.97
60,Sisimiut,GL,2022-05-01 04:06:19,66.9395,-53.6735,16.86,18,8.57
61,Saint George,US,2022-05-01 04:01:35,37.1041,-113.5841,72.25,0,0.0
62,West Wendover,US,2022-05-01 04:04:20,40.7391,-114.0733,53.56,100,8.03
63,Tura,IN,2022-05-01 04:04:26,25.5198,90.2201,83.93,2,2.66
64,Geraldton,AU,2022-05-01 04:08:44,-28.7667,114.6,82.81,0,9.22
65,Lebu,CL,2022-05-01 04:04:53,-37.6167,-73.65,48.92,8,13.18
66,Kodiak,US,2022-05-01 04:04:30,57.79,-152.4072,38.66,100,29.01
67,Albany,US,2022-05-01 04:04:23,42.6001,-73.9662,45.57,4,4.18
68,Mimongo,GA,2022-05-01 04:08:45,-1.6195,11.6068,68.29,100,1.83
69,Garwolin,PL,2022-05-01 04:08:45,51.8975,21.6147,47.71,79,4.32
70,Gamba,GA,2022-05-01 04:08:45,-2.65,10.0,75.07,25,3.6
71,Lugovoy,KZ,2022-05-01 04:08:46,42.9472,72.7644,76.5,8,4.56
72,Mar Del Plata,AR,2022-05-01 04:04:08,-38.0023,-57.5575,46.87,20,3.0
73,Cabo San Lucas,MX,2022-05-01 04:04:46,22.8909,-109.9124,76.6,29,7.0
74,Butaritari,KI,2022-05-01 04:04:55,3.0707,172.7902,81.55,29,13.09
75,Bredasdorp,ZA,2022-05-01 04:04:32,-34.5322,20.0403,53.24,7,3.13
76,Georgetown,MY,2022-05-01 04:01:50,5.4112,100.3354,87.73,20,4.61
77,Pisco,PE,2022-05-01 04:05:45,-13.7,-76.2167,65.01,9,1.45
78,Bluff,NZ,2022-05-01 04:04:03,-46.6,168.3333,52.81,100,2.98
79,Batemans Bay,AU,2022-05-01 04:07:13,-35.7167,150.1833,70.92,33,5.37
80,Roros,NO,2022-05-01 04:08:47,62.5747,11.3842,33.64,100,4.61
81,New Norfolk,AU,2022-05-01 04:04:23,-42.7826,147.0587,65.7,100,1.01
82,Iki-Burul,RU,2022-05-01 04:08:48,45.8208,44.6472,56.01,99,13.06
83,Castro,BR,2022-05-01 04:04:16,-24.7911,-50.0119,56.71,79,2.91
84,Dikson,RU,2022-05-01 04:08:48,73.5069,80.5464,17.78,100,17.78
85,Kearney,US,2022-05-01 04:08:49,40.6995,-99.0815,46.96,0,8.05
86,Yulara,AU,2022-05-01 04:04:49,-25.2406,130.9889,73.83,100,14.85
87,Prainha,BR,2022-05-01 04:08:50,-1.8,-53.48,73.9,99,2.75
88,Khandbari,NP,2022-05-01 04:08:50,27.3747,87.2039,78.64,97,3.65
89,Port Hardy,CA,2022-05-01 04:00:42,50.6996,-127.4199,49.37,62,6.73
90,Matay,EG,2022-05-01 04:08:51,28.419,30.7792,67.17,0,8.08
91,Rawalpindi,PK,2022-05-01 04:08:52,33.6007,73.0679,92.23,0,1.01
92,Xining,CN,2022-05-01 04:07:16,36.6167,101.7667,40.86,84,3.87
93,Saint-Philippe,RE,2022-05-01 04:03:55,-21.3585,55.7679,76.59,24,6.82
94,Marinette,US,2022-05-01 04:08:52,45.1,-87.6307,44.69,100,13.8
95,Port Elizabeth,ZA,2022-05-01 04:04:48,-33.918,25.5701,60.31,47,7.0
96,Carberry,CA,2022-05-01 04:08:53,49.8689,-99.3602,37.27,100,18.81
97,Barrow,US,2022-05-01 04:04:09,71.2906,-156.7887,26.62,100,12.66
98,Longyearbyen,SJ,2022-05-01 04:03:57,78.2186,15.6401,13.84,0,3.44
99,Norman Wells,CA,2022-05-01 04:04:12,65.282,-126.8329,42.24,11,10.69
100,Yellowknife,CA,2022-05-01 04:00:41,62.456,-114.3525,32.56,8,4.0
101,Helong,CN,2022-05-01 04:08:54,42.5397,128.9972,47.75,83,12.57
102,Hermanus,ZA,2022-05-01 04:03:53,-34.4187,19.2345,56.75,6,3.06
103,Camana,PE,2022-05-01 04:08:54,-16.6228,-72.7111,65.66,79,6.08
104,Tasiilaq,GL,2022-05-01 04:04:19,65.6145,-37.6368,30.36,21,6.17
105,Vestmannaeyjar,IS,2022-05-01 04:07:05,63.4427,-20.2734,45.3,21,15.5
106,Huarmey,PE,2022-05-01 04:08:55,-10.0681,-78.1522,66.97,79,7.65
107,Camacha,PT,2022-05-01 04:03:40,33.0833,-16.3333,60.22,40,9.22
108,Shakhtinsk,KZ,2022-05-01 04:08:56,49.71,72.5872,73.06,100,10.87
109,Nabire,ID,2022-05-01 04:08:56,-3.3667,135.4833,83.35,12,2.89
110,Katakwi,UG,2022-05-01 04:08:56,1.8911,33.9661,64.29,100,3.02
111,Asau,RO,2022-05-01 04:04:14,46.4333,26.4,44.96,82,2.19
112,Provideniya,RU,2022-05-01 04:04:59,64.3833,-173.3,32.72,98,14.47
113,Limanowa,PL,2022-05-01 04:08:57,49.7059,20.422,42.42,100,2.39
114,Ola,RU,2022-05-01 04:04:38,59.5833,151.2833,48.15,6,5.64
115,Vila Velha,BR,2022-05-01 04:04:54,-20.3297,-40.2925,71.94,3,4.16
116,Puerto Ayora,EC,2022-05-01 04:05:13,-0.7393,-90.3518,71.4,51,6.11
117,Merauke,ID,2022-05-01 04:04:43,-8.4667,140.3333,80.42,100,10.0
118,Rossland,CA,2022-05-01 04:08:58,49.0831,-117.8022,35.2,93,4.0
119,Walvis Bay,NA,2022-05-01 04:08:59,-22.9575,14.5053,53.1,0,2.42
120,Bodden Town,KY,2022-05-01 04:08:59,19.2833,-81.25,79.93,8,1.01
121,Faanui,PF,2022-05-01 04:05:28,-16.4833,-151.75,81.28,15,11.25
122,Peniche,PT,2022-05-01 04:09:00,39.3558,-9.3811,56.1,95,11.18
123,Beska,RS,2022-05-01 04:09:01,45.1297,20.0661,54.43,14,10.92
124,Robstown,US,2022-05-01 04:07:00,27.7903,-97.6689,77.76,75,8.05
125,Shimanovsk,RU,2022-05-01 04:09:01,52.0,127.7,51.46,43,8.52
126,Narsaq,GL,2022-05-01 04:07:16,60.9167,-46.05,41.22,23,3.83
127,Hithadhoo,MV,2022-05-01 04:04:39,-0.6,73.0833,84.96,73,13.13
128,Manokwari,ID,2022-05-01 04:09:02,-0.8667,134.0833,80.91,100,6.78
129,Alexandria,EG,2022-05-01 04:03:47,31.2156,29.9553,64.98,79,7.56
130,Lata,PT,2022-05-01 04:04:11,40.1629,-8.3327,49.8,32,1.68
131,Talnakh,RU,2022-05-01 04:07:29,69.4865,88.3972,22.21,100,11.81
132,Bonavista,CA,2022-05-01 04:04:33,48.6499,-53.1147,36.43,100,8.5
133,Vila,PT,2022-05-01 04:09:03,42.0304,-8.1588,43.68,39,1.95
134,Asyut,EG,2022-05-01 04:09:03,27.181,31.1837,70.47,0,5.68
135,Jamestown,US,2022-05-01 04:03:40,42.097,-79.2353,51.44,0,5.75
136,East London,ZA,2022-05-01 04:04:21,-33.0153,27.9116,60.3,27,11.16
137,Isangel,VU,2022-05-01 04:05:00,-19.55,169.2667,81.18,100,4.56
138,Russell,US,2022-05-01 04:05:51,32.3502,-85.1999,67.23,0,0.0
139,Meulaboh,ID,2022-05-01 04:09:04,4.1363,96.1285,85.39,100,1.41
140,Bengkulu,ID,2022-05-01 04:09:05,-3.8004,102.2655,75.87,100,6.38
141,Ruangwa,TZ,2022-05-01 04:09:05,-10.0667,38.9333,67.59,8,2.73
142,Kaitangata,NZ,2022-05-01 04:05:25,-46.2817,169.8464,56.14,100,4.56
143,Kiama,AU,2022-05-01 04:09:06,-34.6833,150.8667,71.26,5,4.52
144,Torbay,CA,2022-05-01 04:00:44,47.6666,-52.7314,43.57,100,11.5
145,Jiaojiang,CN,2022-05-01 04:09:06,28.6803,121.4428,66.0,100,10.09
146,Whitehorse,CA,2022-05-01 04:09:07,60.7161,-135.0538,41.81,63,4.0
147,Aktau,KZ,2022-05-01 04:09:07,43.65,51.2,61.38,7,15.66
148,Nanortalik,GL,2022-05-01 04:04:53,60.1432,-45.2371,36.03,84,4.79
149,Ancud,CL,2022-05-01 04:05:49,-41.8697,-73.8203,50.7,100,4.43
150,Clarence Town,AU,2022-05-01 04:09:08,-32.5833,151.7833,70.56,93,3.89
151,Craig,US,2022-05-01 04:09:08,40.5153,-107.5464,42.75,0,0.0
152,Udachnyy,RU,2022-05-01 04:09:09,66.4167,112.4,23.45,65,18.99
153,Qaanaaq,GL,2022-05-01 04:04:32,77.484,-69.3632,4.21,17,7.52
154,Sitka,US,2022-05-01 04:04:35,57.0531,-135.33,48.94,100,2.37
155,Najran,SA,2022-05-01 04:09:10,17.4924,44.1277,75.63,100,4.14
156,Jumla,NP,2022-05-01 04:09:10,29.2747,82.1838,66.81,39,6.04
157,Ilmenau,DE,2022-05-01 04:09:11,50.6833,10.9,45.48,92,3.09
158,Lasa,IT,2022-05-01 04:09:11,46.6166,10.7002,41.68,100,3.04
159,Auki,SB,2022-05-01 04:06:07,-8.7676,160.7034,82.72,100,4.41
160,Fortuna,US,2022-05-01 04:05:23,40.5982,-124.1573,53.65,100,0.0
161,Chemainus,CA,2022-05-01 04:09:12,48.9163,-123.7194,51.33,38,2.06
162,Coos Bay,US,2022-05-01 04:07:42,43.3665,-124.2179,49.93,100,3.44
163,Tlaltenango,MX,2022-05-01 04:09:12,19.1667,-98.3333,65.71,78,5.06
164,Sambava,MG,2022-05-01 04:09:13,-14.2667,50.1667,74.57,7,6.76
165,Rocha,UY,2022-05-01 04:07:27,-34.4833,-54.3333,51.03,91,3.91
166,Cabedelo,BR,2022-05-01 04:06:00,-6.9811,-34.8339,75.87,99,11.41
167,Port Hedland,AU,2022-05-01 04:07:03,-20.3167,118.5667,86.05,63,12.66
168,Havelock,US,2022-05-01 04:09:14,34.8791,-76.9013,69.78,97,1.99
169,Naze,JP,2022-05-01 04:06:13,28.3667,129.4833,68.92,100,11.61
170,Marawi,PH,2022-05-01 04:09:14,7.9986,124.2928,83.19,40,4.97
171,Kawalu,ID,2022-05-01 04:09:15,-7.3817,108.2082,87.21,72,3.94
172,Pevek,RU,2022-05-01 04:06:37,69.7008,170.3133,14.13,80,6.26
173,Durango,MX,2022-05-01 04:04:49,24.8333,-104.8333,66.27,53,5.08
174,Llaillay,CL,2022-05-01 04:09:15,-32.85,-70.9667,58.24,0,2.08
175,Harper,LR,2022-05-01 04:09:16,4.375,-7.7169,79.65,91,6.22
176,San Patricio,US,2022-05-01 04:06:14,28.017,-97.5169,78.69,1,10.18
177,El Aguila,CO,2022-05-01 04:09:16,4.9135,-76.04,65.93,100,1.23
178,Severo-Kurilsk,RU,2022-05-01 04:03:50,50.6789,156.125,36.86,87,7.05
179,Jamsa,FI,2022-05-01 04:09:17,61.8642,25.19,36.14,88,2.75
180,Kruisfontein,ZA,2022-05-01 04:05:19,-34.0033,24.7314,52.07,48,6.69
181,Timmins,CA,2022-05-01 04:05:59,48.4669,-81.3331,37.06,59,7.38
182,Budhlada,IN,2022-05-01 04:09:18,29.9333,75.5667,102.42,21,7.87
183,Yar-Sale,RU,2022-05-01 04:04:01,66.8333,70.8333,23.68,78,12.77
184,Kushmurun,KZ,2022-05-01 04:07:32,52.4503,64.6311,48.07,100,12.48
185,Cottbus,DE,2022-05-01 04:06:21,51.7667,14.3333,41.86,12,4.05
186,San Joaquin,US,2022-05-01 04:09:19,37.9333,-121.3011,61.05,0,17.27
187,San Cristobal,VE,2022-05-01 04:09:20,7.7669,-72.225,73.58,100,3.83
188,El Carmen De Bolivar,CO,2022-05-01 04:09:20,9.7174,-75.1202,77.18,80,3.2
189,Arraial Do Cabo,BR,2022-05-01 04:04:35,-22.9661,-42.0278,73.49,95,7.85
190,Atasu,KZ,2022-05-01 04:09:21,48.6814,71.6433,74.88,100,9.62
191,Chokurdakh,RU,2022-05-01 04:04:59,70.6333,147.9167,24.48,73,10.33
192,Muravlenko,RU,2022-05-01 04:06:15,63.7898,74.523,32.81,19,24.32
193,Bajil,YE,2022-05-01 04:09:22,15.0584,43.2851,84.22,61,7.36
194,Kalmunai,LK,2022-05-01 04:09:22,7.4167,81.8167,85.82,91,5.99
195,Adrar,MR,2022-05-01 04:09:23,20.5022,-10.0711,73.49,22,8.68
196,Zabaykalsk,RU,2022-05-01 04:09:23,49.6333,117.3167,50.86,97,6.11
197,Cayenne,GF,2022-05-01 04:09:24,4.9333,-52.3333,81.09,0,5.01
198,Dingle,PH,2022-05-01 04:03:59,10.9995,122.6711,88.27,100,12.44
199,Kupang,ID,2022-05-01 04:04:13,-10.1667,123.5833,88.81,12,10.67
200,Gorontalo,ID,2022-05-01 04:09:24,0.5412,123.0595,87.96,25,4.14
201,Saint-Joseph,RE,2022-05-01 04:09:25,-21.3667,55.6167,76.21,33,3.2
202,Hyeres,FR,2022-05-01 04:06:55,43.1167,6.1167,51.55,0,5.75
203,Acajutla,SV,2022-05-01 04:09:25,13.5928,-89.8275,81.19,100,0.78
204,Linxia,CN,2022-05-01 04:09:26,35.6003,103.2064,48.61,99,3.2
205,Constitucion,CL,2022-05-01 04:05:57,-35.3333,-72.4167,51.37,0,6.44
206,Biak,ID,2022-05-01 04:06:52,-0.9131,122.8766,83.64,60,3.6
207,Hofn,IS,2022-05-01 04:06:23,64.2539,-15.2082,48.34,33,9.69
208,Melbourne,US,2022-05-01 04:08:23,28.0836,-80.6081,76.01,40,11.5
209,Whithorn,JM,2022-05-01 04:09:27,18.2604,-78.0378,76.26,51,2.21
210,Ust-Kuyga,RU,2022-05-01 04:09:27,70.0167,135.6,34.5,8,25.99
211,Leningradskiy,RU,2022-05-01 04:05:16,69.3833,178.4167,16.52,62,3.29
212,Labuhan,ID,2022-05-01 04:09:28,-6.8844,112.2051,88.03,94,11.18
213,Roebourne,AU,2022-05-01 04:09:28,-20.7833,117.1333,87.28,58,13.31
214,Cidreira,BR,2022-05-01 04:03:57,-30.1811,-50.2056,63.41,99,0.89
215,Ierapetra,GR,2022-05-01 04:09:29,35.01,25.7353,65.14,98,8.01
216,Valdosta,US,2022-05-01 04:08:10,30.8327,-83.2785,73.31,75,12.66
217,Laela,TZ,2022-05-01 04:09:29,-8.5667,32.05,57.43,55,3.18
218,Swan Hill,AU,2022-05-01 04:09:30,-35.3378,143.5544,66.29,8,6.82
219,Yumen,CN,2022-05-01 04:09:30,40.2833,97.2,58.19,0,6.93
220,Bereda,ES,2022-05-01 04:09:31,43.2686,-7.5406,49.14,17,0.72
221,Barda,AZ,2022-05-01 04:09:31,40.3744,47.1267,67.28,53,6.46
222,Gat,IL,2022-05-01 04:07:43,31.61,34.7642,65.79,78,11.68
223,Salmon Creek,US,2022-05-01 04:09:32,45.7107,-122.649,51.91,75,4.61
224,Mandawar,IN,2022-05-01 04:09:32,29.5,78.1333,92.55,87,22.73
225,Carutapera,BR,2022-05-01 04:09:33,-1.195,-46.02,74.53,69,3.02
226,Sudak,UA,2022-05-01 04:09:33,44.85,34.9667,53.19,61,9.82
227,Thap Than,TH,2022-05-01 04:09:34,15.4606,99.8917,91.71,93,3.78
228,Abha,SA,2022-05-01 04:05:59,18.2164,42.5053,64.65,0,0.0
229,Tanout,NE,2022-05-01 04:09:35,14.9709,8.8879,82.65,51,4.72
230,Prachuap Khiri Khan,TH,2022-05-01 04:05:53,12.2167,99.75,93.7,45,4.9
231,Virarajendrapet,IN,2022-05-01 04:09:36,12.2,75.8,78.75,76,4.09
232,Lagoa,PT,2022-05-01 04:09:36,39.05,-27.9833,60.3,2,6.08
233,Vanimo,PG,2022-05-01 04:03:47,-2.6741,141.3028,82.87,98,6.6
234,Sangar,RU,2022-05-01 04:09:37,63.9242,127.4739,39.31,100,15.1
235,Beloha,MG,2022-05-01 04:07:06,-25.1667,45.05,67.44,26,6.85
236,Ribeira Grande,PT,2022-05-01 04:03:42,38.5167,-28.7,61.65,5,2.64
237,Sao Jose Da Coroa Grande,BR,2022-05-01 04:06:10,-8.8978,-35.1478,76.55,86,8.63
238,Caravelas,BR,2022-05-01 04:07:02,-17.7125,-39.2481,73.89,11,3.27
239,Ryotsu,JP,2022-05-01 04:09:38,38.0833,138.4333,49.68,100,1.19
240,Manzanillo,CU,2022-05-01 04:09:38,20.3433,-77.1167,72.57,25,8.63
241,Ponerihouen,NC,2022-05-01 04:09:38,-21.0833,165.4,78.42,36,10.54
242,Bin Qirdan,TN,2022-05-01 04:09:39,33.1378,11.2197,62.69,11,21.32
243,Nelson Bay,AU,2022-05-01 04:09:39,-32.7167,152.15,70.0,100,7.05
244,Acapulco,MX,2022-05-01 04:08:46,16.8634,-99.8901,78.62,40,2.3
245,Los Llanos De Aridane,ES,2022-05-01 04:09:40,28.6585,-17.9182,60.55,0,12.66
246,Kapit,MY,2022-05-01 04:09:41,2.0167,112.9333,95.16,60,1.03
247,Bay Roberts,CA,2022-05-01 04:09:41,47.5999,-53.2648,44.33,100,4.0
248,Lincoln,US,2022-05-01 04:06:10,40.8,-96.667,50.29,100,25.32
249,Thompson,CA,2022-05-01 04:04:49,55.7435,-97.8558,30.16,100,9.35
250,Moose Factory,CA,2022-05-01 04:09:42,51.2585,-80.6094,35.29,13,5.55
251,Malinovoye Ozero,RU,2022-05-01 04:09:42,51.6753,79.7825,76.19,19,12.3
252,Niquero,CU,2022-05-01 04:09:43,20.0431,-77.5828,75.81,44,10.54
253,Zuwarah,LY,2022-05-01 04:09:43,32.9312,12.082,63.59,18,21.61
254,Pacific Grove,US,2022-05-01 04:09:44,36.6177,-121.9166,57.11,0,12.66
255,Rochester,US,2022-05-01 04:08:00,43.1548,-77.6156,45.36,75,3.44
256,Puerto Escondido,MX,2022-05-01 04:09:44,15.85,-97.0667,83.23,75,5.75
257,Los Dos Caminos,VE,2022-05-01 04:09:45,10.4939,-66.8286,71.62,95,1.01
258,Yining,CN,2022-05-01 04:09:45,29.0361,114.5636,67.06,100,2.53
259,Bambous Virieux,MU,2022-05-01 04:05:21,-20.3428,57.7575,77.22,26,10.07
260,Nauta,PE,2022-05-01 04:09:46,-4.5061,-73.5757,70.72,46,2.08
261,Niimi,JP,2022-05-01 04:09:46,34.9833,133.4667,69.4,100,11.54
262,Waipawa,NZ,2022-05-01 04:09:47,-41.4122,175.5153,60.13,28,11.86
263,Rudnya,RU,2022-05-01 04:09:47,54.947,31.0934,38.19,93,4.54
264,Itanhaem,BR,2022-05-01 04:06:23,-24.1831,-46.7889,70.79,86,4.21
265,Kinsale,IE,2022-05-01 04:09:48,51.7075,-8.5306,50.23,75,3.44
266,Mount Isa,AU,2022-05-01 04:06:09,-20.7333,139.5,85.77,75,16.11
267,Campbell River,CA,2022-05-01 04:04:27,50.0163,-125.2446,48.45,19,2.21
268,Jalu,LY,2022-05-01 04:06:55,29.0331,21.5482,73.53,99,11.56
269,Gondanglegi,ID,2022-05-01 04:09:49,-7.7479,112.0132,86.07,98,4.5
270,Roald,NO,2022-05-01 04:09:49,62.5833,6.1333,40.75,75,4.61
271,Yeppoon,AU,2022-05-01 04:06:20,-23.1333,150.7333,82.18,33,13.13
272,Vredendal,ZA,2022-05-01 04:09:50,-31.6683,18.5012,55.26,3,3.78
273,Chuy,UY,2022-05-01 04:04:42,-33.6971,-53.4616,54.63,97,5.08
274,Touros,BR,2022-05-01 04:09:51,-5.1989,-35.4608,78.55,95,12.88
275,Atikokan,CA,2022-05-01 04:09:51,48.7555,-91.6216,39.7,100,12.5
276,Cockburn Town,TC,2022-05-01 04:07:52,21.4612,-71.1419,76.87,74,22.12
277,Along,IN,2022-05-01 04:05:21,28.1667,94.7667,83.71,94,1.23
278,Balkhash,KZ,2022-05-01 04:09:52,46.844,74.9804,72.21,0,8.95
279,Misratah,LY,2022-05-01 04:06:32,32.3754,15.0925,64.89,82,19.93
280,Awjilah,LY,2022-05-01 04:09:53,29.1081,21.2869,74.01,100,10.96
281,Sidi Ali,DZ,2022-05-01 04:09:53,36.0998,0.4206,54.63,59,4.56
282,Bethel,US,2022-05-01 04:04:36,41.3712,-73.414,50.36,5,1.99
283,Jaisalmer,IN,2022-05-01 04:09:54,26.9147,70.9181,99.7,0,15.3
284,Xingcheng,CN,2022-05-01 04:09:54,40.6167,120.7167,64.09,55,11.92
285,Port Moresby,PG,2022-05-01 04:09:55,-9.4431,147.1797,83.55,39,11.68
286,Doha,QA,2022-05-01 04:06:26,25.2867,51.5333,84.51,0,3.44
287,Cap Malheureux,MU,2022-05-01 04:09:55,-19.9842,57.6142,77.47,13,3.0
288,Hovd,MN,2022-05-01 04:09:56,48.0056,91.6419,62.26,99,0.92
289,Comodoro Rivadavia,AR,2022-05-01 04:05:20,-45.8667,-67.5,45.28,5,3.83
290,Husavik,IS,2022-05-01 04:05:30,66.0449,-17.3389,41.41,20,7.92
291,Bayir,TR,2022-05-01 04:09:57,37.2687,28.2167,46.92,0,5.44
292,Nova Odesa,UA,2022-05-01 04:09:57,47.3078,31.7851,48.99,70,4.56
293,Mandalgovi,MN,2022-05-01 04:09:58,45.7625,106.2708,61.48,88,8.37
294,Octeville,FR,2022-05-01 04:09:58,49.6261,-1.6435,45.09,0,5.75
295,Kismayo,SO,2022-05-01 04:09:59,-0.3582,42.5454,82.87,95,11.56
296,Pontal Do Parana,BR,2022-05-01 04:09:59,-25.6533,-48.5128,65.7,100,3.0
297,Consolacion Del Sur,CU,2022-05-01 04:10:00,22.5047,-83.5136,70.3,3,3.94
298,Zemlyansk,RU,2022-05-01 04:10:00,51.9041,38.7334,42.44,2,6.13
299,Mezen,RU,2022-05-01 04:10:01,65.8522,44.24,25.86,100,4.07
300,Mabini,PH,2022-05-01 04:10:01,15.6,120.9833,99.05,95,10.0
301,Saskylakh,RU,2022-05-01 04:05:31,71.9167,114.0833,13.69,100,16.53
302,Umm Kaddadah,SD,2022-05-01 04:10:02,13.6017,26.6876,78.85,44,6.8
303,Birjand,IR,2022-05-01 04:10:03,32.8663,59.2211,73.87,74,0.0
304,Beaumont,US,2022-05-01 04:10:03,30.0861,-94.1019,75.24,40,5.75
305,San Luis,AR,2022-05-01 04:10:04,-33.295,-66.3356,49.23,0,5.14
306,Rockport,US,2022-05-01 04:10:04,28.0206,-97.0544,78.85,75,11.5
307,Kutum,SD,2022-05-01 04:06:33,14.2,24.6667,75.72,100,6.46
308,Carlos Antonio Lopez,PY,2022-05-01 04:10:05,-26.4,-54.7667,66.02,97,2.1
309,Puerto Madero,MX,2022-05-01 04:10:05,14.7208,-92.4215,79.0,75,3.44
310,Salalah,OM,2022-05-01 04:05:38,17.0151,54.0924,86.09,0,2.3
311,Saint-Leu,RE,2022-05-01 04:10:06,-21.15,55.2833,77.32,5,5.57
312,Saint-Georges,GD,2022-05-01 04:10:06,12.0564,-61.7485,80.28,20,23.02
313,Lumberton,US,2022-05-01 04:10:07,34.6182,-79.0086,66.51,49,4.68
314,Morris,US,2022-05-01 04:10:07,40.8334,-74.5329,50.0,66,3.98
315,Chute-Aux-Outardes,CA,2022-05-01 04:10:08,49.1168,-68.399,37.89,81,9.53
316,Newport,GB,2022-05-01 04:10:08,51.5877,-2.9984,50.45,100,6.2
317,Bermejo,AR,2022-05-01 04:10:09,-32.8833,-68.8,52.12,0,2.8
318,Oriximina,BR,2022-05-01 04:10:09,-1.7656,-55.8661,73.56,16,3.53
319,Grand-Lahou,CI,2022-05-01 04:10:10,5.1367,-5.0242,79.93,100,6.46
320,Quang Ngai,VN,2022-05-01 04:10:11,15.1167,108.8,85.82,100,5.57
321,Altay,CN,2022-05-01 04:10:11,47.8667,88.1167,64.99,99,5.35
322,Pital,CO,2022-05-01 04:10:12,2.2665,-75.8044,64.18,82,3.98
323,Mount Pleasant,US,2022-05-01 04:07:31,32.7941,-79.8626,69.01,0,4.61
324,Hervey Bay,AU,2022-05-01 04:10:12,-25.2986,152.8535,77.02,48,8.99
325,Charters Towers,AU,2022-05-01 04:10:13,-20.1,146.2667,84.79,2,13.94
326,Kargil,IN,2022-05-01 04:10:13,34.5667,76.1,48.31,1,0.89
327,Svetlogorsk,BY,2022-05-01 04:10:13,52.6333,29.7333,40.46,68,4.43
328,Tucuman,AR,2022-05-01 04:10:14,-26.8241,-65.2226,57.2,100,2.3
329,Victoria,HK,2022-05-01 04:02:52,22.2855,114.1577,71.33,100,11.01
330,Ninh Binh,VN,2022-05-01 04:10:14,20.2539,105.975,64.65,100,19.39
331,Sheltozero,RU,2022-05-01 04:10:15,61.3667,35.3667,33.21,100,6.04
332,Aklavik,CA,2022-05-01 04:04:15,68.2191,-135.0107,35.33,98,10.96
333,Inhambane,MZ,2022-05-01 04:04:01,-23.865,35.3833,68.04,0,7.09
334,Kendari,ID,2022-05-01 04:10:16,-3.945,122.4989,87.1,42,4.99
335,Lahaina,US,2022-05-01 04:10:16,20.8783,-156.6825,78.8,99,10.83
336,Luderitz,NA,2022-05-01 04:03:51,-26.6481,15.1594,60.06,0,7.87
337,Mongo,TD,2022-05-01 04:10:17,12.1844,18.693,86.9,92,3.02
338,Northam,GB,2022-05-01 04:10:17,51.0333,-4.2167,47.61,100,4.76
339,Kloulklubed,PW,2022-05-01 04:10:18,7.0419,134.2556,82.9,89,12.77
340,Pascagoula,US,2022-05-01 04:10:19,30.3658,-88.5561,77.05,100,0.0
341,Carangola,BR,2022-05-01 04:10:19,-20.7331,-42.0294,63.46,10,2.26
342,Westport,US,2022-05-01 04:06:23,41.1415,-73.3579,51.21,0,4.61
343,Torit,SS,2022-05-01 04:10:20,4.4133,32.5678,69.8,100,3.96
344,Kefalos,GR,2022-05-01 04:10:20,36.7453,26.9589,59.22,0,9.22
345,Ixtapa,MX,2022-05-01 04:04:27,20.7,-105.2,69.24,98,1.61
346,Ankazobe,MG,2022-05-01 04:10:21,-18.3167,47.1167,62.08,0,1.83
347,Oksbol,DK,2022-05-01 04:10:21,55.6268,8.2876,35.71,97,5.95
348,Shiyan,CN,2022-05-01 04:07:35,32.6475,110.7781,69.44,100,9.82
349,Teahupoo,PF,2022-05-01 04:10:22,-17.8333,-149.2667,76.53,17,11.5
350,Chernyy Yar,RU,2022-05-01 04:10:22,48.0624,46.1091,55.85,90,12.55
351,Zhangye,CN,2022-05-01 04:03:59,38.9342,100.4517,55.89,1,0.89
352,Encrucijada,CU,2022-05-01 04:10:23,22.6169,-79.8711,70.36,40,4.61
353,Ancona,IT,2022-05-01 04:10:24,43.55,13.1667,55.67,75,5.99
354,Zeya,RU,2022-05-01 04:10:24,53.75,127.2667,52.95,23,3.31
355,Kalaswala,PK,2022-05-01 04:10:25,32.2009,74.6491,93.16,0,7.83
356,Alice Springs,AU,2022-05-01 04:07:33,-23.7,133.8833,69.35,75,11.5
357,Neiafu,TO,2022-05-01 04:10:25,-18.65,-173.9833,83.08,75,4.61
358,Belyy,RU,2022-05-01 04:10:25,55.8402,32.9419,37.04,70,4.63
359,Soyo,AO,2022-05-01 04:10:26,-6.1349,12.3689,77.29,99,1.52
360,Aranda De Duero,ES,2022-05-01 04:10:26,41.6704,-3.6892,49.8,60,2.26
361,Waingapu,ID,2022-05-01 04:07:00,-9.6567,120.2641,87.28,81,11.92
362,Sioux Lookout,CA,2022-05-01 04:05:09,50.1001,-91.917,39.18,100,11.65
363,Sigli,ID,2022-05-01 04:10:27,5.3848,95.9609,86.61,98,3.33
364,Oroville,US,2022-05-01 04:10:28,39.5138,-121.5564,69.8,0,3.44
365,Luwuk,ID,2022-05-01 04:07:27,-0.9516,122.7875,86.11,52,3.53
366,Winslow,US,2022-05-01 04:06:17,35.0242,-110.6974,64.58,0,5.75
367,Nouakchott,MR,2022-05-01 04:07:10,18.0858,-15.9785,67.93,27,12.17
368,Prince Albert,CA,2022-05-01 04:04:12,53.2001,-105.7677,41.29,42,12.3
369,Maracas,BR,2022-05-01 04:10:29,-13.4411,-40.4308,60.53,48,3.69
370,Wanlaweyn,SO,2022-05-01 04:10:29,2.6185,44.8938,80.83,100,7.76
371,Ostrovnoy,RU,2022-05-01 04:10:30,68.0531,39.5131,18.66,88,11.01
372,Port Lincoln,AU,2022-05-01 04:05:24,-34.7333,135.8667,66.47,76,12.48
373,Mecca,SA,2022-05-01 04:10:31,21.4267,39.8261,86.25,0,6.08
374,Nha Trang,VN,2022-05-01 04:10:31,12.25,109.1833,80.6,87,7.96
375,Pipri,IN,2022-05-01 04:10:32,19.8,75.5333,95.27,4,13.82
376,Victor Harbor,AU,2022-05-01 04:10:32,-35.5667,138.6167,68.0,36,3.0
377,Alekseyevskaya,RU,2022-05-01 04:10:33,50.2896,42.1845,42.82,10,10.69
378,Bandarbeyla,SO,2022-05-01 04:05:22,9.4942,50.8122,84.11,89,3.13
379,Bremervorde,DE,2022-05-01 04:10:33,53.4833,9.1333,42.22,93,3.53
380,Kudahuvadhoo,MV,2022-05-01 04:05:35,2.6708,72.8944,85.78,100,16.02
381,Fez,MA,2022-05-01 04:09:49,34.0372,-4.9998,46.65,0,6.91
382,Fort Nelson,CA,2022-05-01 04:05:38,58.8053,-122.7002,33.78,87,4.83
383,Am Timan,TD,2022-05-01 04:10:34,11.0297,20.2827,82.81,75,4.25
384,Korla,CN,2022-05-01 04:10:35,41.7597,86.1469,65.59,7,8.68
385,Mpika,ZM,2022-05-01 04:10:35,-11.8343,31.4529,59.52,100,6.24
386,Urgut,UZ,2022-05-01 04:10:35,39.4022,67.2431,74.82,100,2.24
387,Guia De Isora,ES,2022-05-01 04:10:36,28.2115,-16.7795,61.72,0,8.03
388,Limbang,MY,2022-05-01 04:10:36,4.75,115.0,89.71,55,5.39
389,Esso,RU,2022-05-01 04:10:37,55.9333,158.7,34.9,54,2.75
390,Melfi,IT,2022-05-01 04:10:37,40.9965,15.6514,42.49,0,5.06
391,Tiznit,MA,2022-05-01 04:10:38,29.5833,-9.5,65.14,0,1.48
392,San Ramon,US,2022-05-01 04:06:05,37.7799,-121.978,55.29,0,16.11
393,Sao Felix Do Xingu,BR,2022-05-01 04:07:54,-6.6447,-51.995,69.62,20,0.96
394,Atambua,ID,2022-05-01 04:10:38,-9.1061,124.8925,85.64,80,2.42
395,Khuzhir,RU,2022-05-01 04:10:39,53.1939,107.3397,40.73,88,1.5
396,Mehamn,NO,2022-05-01 04:05:56,71.0357,27.8492,28.02,99,15.97
397,Juripiranga,BR,2022-05-01 04:10:39,-7.3733,-35.2381,74.59,100,7.09
398,Sabang,ID,2022-05-01 04:10:40,5.8933,95.3214,84.54,99,10.83
399,Pecos,US,2022-05-01 04:10:40,31.4229,-103.4932,75.31,0,6.91
400,Candolim,IN,2022-05-01 04:10:41,15.5181,73.7626,85.21,6,2.01
401,Mbandaka,CD,2022-05-01 04:10:42,0.0487,18.2603,70.56,52,2.33
402,Houma,US,2022-05-01 04:10:42,29.5958,-90.7195,75.2,40,5.75
403,Scottsbluff,US,2022-05-01 04:10:43,41.8666,-103.6672,44.29,0,0.0
404,San Pedro De Macoris,DO,2022-05-01 04:10:43,18.4616,-69.2972,73.53,98,6.2
405,Sibolga,ID,2022-05-01 04:04:20,1.7427,98.7792,86.38,97,3.65
406,Idenao,CM,2022-05-01 04:10:44,4.2475,9.0047,77.29,96,3.04
407,Sterling,US,2022-05-01 04:09:42,39.0062,-77.4286,55.27,75,3.44
408,Nitra,SK,2022-05-01 04:10:44,48.3076,18.0845,55.63,99,4.0
409,Kabo,CF,2022-05-01 04:06:10,7.6994,18.629,75.38,95,5.1
410,Kavaratti,IN,2022-05-01 04:06:59,10.5669,72.642,84.87,91,11.7
411,Kungurtug,RU,2022-05-01 04:05:50,50.5994,97.5228,62.73,39,1.68
412,Honiara,SB,2022-05-01 04:06:39,-9.4333,159.95,83.75,100,4.63
413,Ukiah,US,2022-05-01 04:10:46,39.1502,-123.2078,51.1,35,5.59
414,Lagos,NG,2022-05-01 04:10:46,6.5833,3.75,77.83,97,2.33
415,Katsuura,JP,2022-05-01 04:06:46,35.1333,140.3,62.85,100,20.0
416,Tekirdag,TR,2022-05-01 04:10:47,40.978,27.5085,51.15,83,9.19
417,Pingzhuang,CN,2022-05-01 04:10:47,42.0372,119.2889,58.8,24,19.15
418,Horodyshche,UA,2022-05-01 04:10:47,49.2849,31.4451,45.54,11,4.83
419,Novyy Urengoy,RU,2022-05-01 04:10:48,66.0833,76.6333,25.29,100,5.12
420,Namatanai,PG,2022-05-01 04:04:51,-3.6667,152.4333,84.87,97,4.59
421,Praia,CV,2022-05-01 04:10:49,14.9215,-23.5087,68.54,20,12.66
422,Mascota,MX,2022-05-01 04:10:49,20.5167,-104.7833,61.74,100,0.69
423,Mogadishu,SO,2022-05-01 04:10:49,2.0371,45.3438,82.11,100,8.46
424,Tczew,PL,2022-05-01 04:10:50,54.0924,18.7779,48.9,100,3.04
425,Ozernovskiy,RU,2022-05-01 04:04:08,51.5,156.5167,35.87,31,7.81
426,Havoysund,NO,2022-05-01 04:10:50,70.9963,24.6622,30.43,100,6.64
427,Ahipara,NZ,2022-05-01 04:05:14,-35.1667,173.1667,67.26,28,5.06
428,Danville,US,2022-05-01 04:07:55,36.586,-79.395,53.98,100,0.0
429,Alta Floresta,BR,2022-05-01 04:10:51,-9.8756,-56.0861,72.25,47,2.77
430,Mabaruma,GY,2022-05-01 04:10:51,8.2,-59.7833,72.14,73,2.13
431,Multai,IN,2022-05-01 04:09:11,21.7667,78.25,92.1,2,14.0
432,Taksimo,RU,2022-05-01 04:10:52,56.3444,114.8794,50.41,97,2.91
433,Emba,KZ,2022-05-01 04:10:52,48.8264,58.1442,55.8,91,10.96
434,Yinchuan,CN,2022-05-01 04:10:53,38.4681,106.2731,63.27,0,4.9
435,Rawson,AR,2022-05-01 04:01:34,-43.3002,-65.1023,46.6,3,13.15
436,Alugan,PH,2022-05-01 04:10:53,12.2188,125.4808,84.36,57,8.28
437,Sao Cristovao,BR,2022-05-01 04:10:54,-11.0147,-37.2064,80.51,40,11.5
438,Saldanha,ZA,2022-05-01 04:03:38,-33.0117,17.9442,56.84,4,8.68
439,Nantucket,US,2022-05-01 04:10:54,41.2835,-70.0995,48.25,0,11.5
440,Berlevag,NO,2022-05-01 04:07:26,70.8578,29.0864,26.4,100,18.41
441,Broome,US,2022-05-01 04:05:43,42.2506,-75.833,41.97,100,1.01
442,Oshakati,NA,2022-05-01 04:10:55,-17.7833,15.6833,69.58,85,7.25
443,Vardo,NO,2022-05-01 04:06:35,70.3705,31.1107,29.43,91,19.89
444,Beringovskiy,RU,2022-05-01 04:03:58,63.05,179.3167,27.64,100,17.22
445,Amapa,BR,2022-05-01 04:07:04,1.0,-52.0,69.58,48,1.52
446,Bozeman,US,2022-05-01 04:04:22,45.6796,-111.0386,47.62,75,4.61
447,Buraydah,SA,2022-05-01 04:03:48,26.326,43.975,79.11,0,9.35
448,Shelburne,CA,2022-05-01 04:10:56,44.0787,-80.2041,43.36,99,9.44
449,Nampula,MZ,2022-05-01 04:10:56,-15.1165,39.2666,61.2,16,3.58
450,Bijar,IR,2022-05-01 04:10:57,35.8668,47.6051,51.58,63,0.69
451,Palauig,PH,2022-05-01 04:06:51,15.435,119.9045,88.75,98,7.78
452,Kwinana,AU,2022-05-01 04:10:58,-32.25,115.7667,76.23,0,5.06
453,Arys,KZ,2022-05-01 04:10:58,42.4252,68.795,78.98,98,6.11
454,Predivinsk,RU,2022-05-01 04:10:58,57.0669,93.4378,45.09,100,8.61
455,Qasigiannguit,GL,2022-05-01 04:10:59,68.8193,-51.1922,12.45,2,6.64
456,Urumqi,CN,2022-05-01 04:07:56,43.801,87.6005,74.35,0,31.32
457,Orange Cove,US,2022-05-01 04:10:59,36.6244,-119.3137,73.06,1,8.72
458,Santa Fe,AR,2022-05-01 04:08:52,-31.6333,-60.7,54.95,27,2.53
459,Cherskiy,RU,2022-05-01 04:06:31,68.75,161.3,27.77,100,10.71
460,Oussouye,SN,2022-05-01 04:11:00,12.485,-16.5469,71.28,30,3.87
461,Padang,ID,2022-05-01 04:05:33,-0.9492,100.3543,84.25,98,3.33
462,Shihezi,CN,2022-05-01 04:11:01,44.3,86.0333,73.87,22,3.56
463,Hasaki,JP,2022-05-01 04:07:44,35.7333,140.8333,63.0,100,21.03
464,Mana,GF,2022-05-01 04:11:02,5.6592,-53.7767,77.72,30,8.68
465,Elliot Lake,CA,2022-05-01 04:11:02,46.3834,-82.6331,44.19,100,9.35
466,Kerema,PG,2022-05-01 04:11:03,-7.9631,145.7785,83.82,57,7.25
467,Terme,TR,2022-05-01 04:11:03,41.2092,36.9739,53.53,100,9.62
468,Wairoa,NZ,2022-05-01 04:05:45,-39.0333,177.3667,68.56,7,4.0
469,Taltal,CL,2022-05-01 04:06:49,-25.4,-70.4833,60.3,8,0.45
470,Saint Anthony,US,2022-05-01 04:11:04,45.0205,-93.218,49.14,100,10.36
471,Srednekolymsk,RU,2022-05-01 04:11:04,67.45,153.6833,30.38,17,6.26
472,Malatya,TR,2022-05-01 04:11:05,38.5,38.0,53.65,75,5.75
473,Calbuco,CL,2022-05-01 04:06:52,-41.768,-73.1273,49.21,100,5.53
474,Guerrero Negro,MX,2022-05-01 04:06:44,27.9769,-114.0611,60.06,91,13.98
475,Mirnyy,RU,2022-05-01 04:11:05,62.5353,113.9611,35.24,88,8.99
476,Pochutla,MX,2022-05-01 04:11:06,15.7432,-96.4661,79.83,67,3.18
477,Ngunguru,NZ,2022-05-01 04:11:06,-35.6167,174.5,64.71,31,6.98
478,Kano,NG,2022-05-01 04:05:43,12.0001,8.5167,83.32,93,10.0
479,Morro Da Fumaca,BR,2022-05-01 04:11:07,-28.6508,-49.21,61.34,91,3.67
480,Half Moon Bay,US,2022-05-01 04:05:51,37.4636,-122.4286,56.03,20,14.97
481,Culpeper,US,2022-05-01 04:11:08,38.5004,-77.9664,53.76,0,0.0
482,Jais,IN,2022-05-01 04:11:08,26.25,81.5333,92.84,0,15.84
483,Antofagasta,CL,2022-05-01 04:06:33,-23.65,-70.4,60.08,44,4.21
484,Montecristi,EC,2022-05-01 04:11:08,-1.05,-80.6667,71.15,52,3.22
485,Quatre Cocos,MU,2022-05-01 04:05:58,-20.2078,57.7625,77.09,32,10.04
486,Kibala,TD,2022-05-01 04:11:09,9.1104,18.3463,81.32,97,6.58
487,Ombessa,CM,2022-05-01 04:11:09,4.603,11.2565,68.95,100,2.15
488,Mingaora,PK,2022-05-01 04:11:10,34.7758,72.3625,88.39,0,2.68
489,Payo,ID,2022-05-01 04:11:10,-3.7508,103.6372,85.75,99,2.06
490,Boa Vista,BR,2022-05-01 04:11:11,2.8197,-60.6733,78.78,0,3.44
491,Adre,TD,2022-05-01 04:11:11,13.4667,22.2,77.77,100,2.08
492,Jambi,ID,2022-05-01 04:11:12,-1.6,103.6167,83.89,99,4.68
493,Porto Novo,BJ,2022-05-01 04:11:12,6.4965,2.6036,79.21,78,3.87
494,Parry Sound,CA,2022-05-01 04:09:20,45.3501,-80.033,43.54,100,8.79
495,Vilyuysk,RU,2022-05-01 04:11:13,63.7553,121.6247,39.24,97,7.74
496,Wasilla,US,2022-05-01 04:11:14,61.5814,-149.4394,47.75,0,14.97
497,Solnechnyy,RU,2022-05-01 04:11:14,50.7214,136.6319,37.56,94,8.1
498,Sergeyevka,KZ,2022-05-01 04:11:15,53.88,67.4158,45.36,100,14.58
499,Sladkovo,RU,2022-05-01 04:11:15,55.5284,70.3385,34.59,100,11.36
500,Kalabo,ZM,2022-05-01 04:06:50,-14.97,22.6814,56.88,2,4.85
501,Laguna,US,2022-05-01 04:03:44,38.421,-121.4238,62.76,0,13.8
502,Darhan,MN,2022-05-01 04:11:16,49.4867,105.9228,67.14,14,4.83
503,Abu Zabad,SD,2022-05-01 04:11:16,12.35,29.25,79.66,6,3.74
504,Komsomolskiy,UZ,2022-05-01 04:07:25,40.4272,71.7189,77.72,22,4.61
505,Gawler,AU,2022-05-01 04:11:17,-34.6,138.7333,70.47,73,8.1
506,Balabac,PH,2022-05-01 04:11:17,7.9868,117.0645,85.44,100,10.74
507,Klaksvik,FO,2022-05-01 04:06:17,62.2266,-6.589,45.52,93,6.71
508,Barabash,RU,2022-05-01 04:11:18,43.2,131.4833,51.6,98,4.74
509,Koyelga,RU,2022-05-01 04:11:18,54.6522,60.9049,46.74,69,4.5
510,Nagapattinam,IN,2022-05-01 04:11:20,10.7667,79.8333,92.03,37,8.1
511,Krompachy,SK,2022-05-01 04:11:20,48.9145,20.8751,42.98,88,1.12
512,Nova Olinda Do Norte,BR,2022-05-01 04:11:21,-3.8881,-59.0942,73.92,98,2.33
513,Kainantu,PG,2022-05-01 04:11:21,-6.2887,145.8655,73.29,82,3.91
514,Tessalit,ML,2022-05-01 04:11:21,20.1986,1.0114,72.72,0,10.71
515,Cabangahan,PH,2022-05-01 04:11:22,9.0781,122.9469,87.58,100,11.14
516,College,US,2022-05-01 04:04:52,64.8569,-147.8028,51.48,15,4.72
517,Puerto Del Rosario,ES,2022-05-01 04:11:23,28.5004,-13.8627,62.35,0,9.22
518,Tonstad,NO,2022-05-01 04:11:23,58.6626,6.7169,38.17,1,6.49
519,Praia Da Vitoria,PT,2022-05-01 04:07:29,38.7333,-27.0667,56.75,3,3.74
520,Launceston,AU,2022-05-01 04:11:24,-41.45,147.1667,64.62,40,24.16
521,Nagyatad,HU,2022-05-01 04:11:24,46.2296,17.3579,48.92,71,5.28
522,Trinidad,BO,2022-05-01 04:11:24,-14.8333,-64.9,71.49,37,3.78
523,Ormara,PK,2022-05-01 04:11:25,25.2088,64.6357,84.94,97,16.31
524,Flin Flon,CA,2022-05-01 04:11:25,54.7682,-101.865,36.37,100,7.61
525,Beni Suef,EG,2022-05-01 04:11:26,29.0731,31.0979,66.4,0,6.29
526,Marsa Matruh,EG,2022-05-01 04:07:26,31.3525,27.2453,64.53,70,6.8
527,Port Blair,IN,2022-05-01 04:05:47,11.6667,92.75,88.48,45,0.49
528,Mahon,ES,2022-05-01 04:11:27,39.8885,4.2658,59.56,0,3.44
529,Polonnaruwa,LK,2022-05-01 04:11:27,7.9333,81.0,88.79,99,9.35
530,Kokopo,PG,2022-05-01 04:11:27,-4.352,152.2633,82.6,52,7.47
531,Bonfim,BR,2022-05-01 04:11:28,3.0833,-59.95,77.2,31,2.66
532,Sai Buri,TH,2022-05-01 04:11:28,6.7013,101.6168,87.51,66,1.12
533,Ajdabiya,LY,2022-05-01 04:11:29,30.7554,20.2263,70.41,100,17.63
534,Vendychany,UA,2022-05-01 04:11:29,48.6118,27.7932,44.29,16,3.85
535,Hobyo,SO,2022-05-01 04:11:30,5.3505,48.5268,84.16,80,8.9
536,Clyde River,CA,2022-05-01 04:06:01,70.4692,-68.5914,10.54,100,3.24
537,Zhigansk,RU,2022-05-01 04:07:46,66.7697,123.3711,31.17,99,17.9
538,Egvekinot,RU,2022-05-01 04:11:31,66.3167,-179.1667,17.31,100,9.26
539,Kafanchan,NG,2022-05-01 04:11:31,9.5833,8.3,71.51,95,2.08
540,Kalevala,RU,2022-05-01 04:11:32,65.2,31.1667,29.52,89,4.5
541,Aykhal,RU,2022-05-01 04:04:28,66.0,111.5,18.84,60,22.39
542,Voh,NC,2022-05-01 04:11:32,-20.9667,164.7,80.78,54,4.81
543,Denpasar,ID,2022-05-01 04:11:33,-8.65,115.2167,87.46,20,10.36
544,Vestmanna,FO,2022-05-01 04:11:33,62.1564,-7.1664,43.72,100,3.44
545,Chapar,IN,2022-05-01 04:11:34,26.2667,90.4667,80.47,88,12.19
546,Callaway,US,2022-05-01 04:05:11,30.153,-85.5699,72.91,75,8.05
547,Agadez,NE,2022-05-01 04:11:34,19.75,10.25,84.31,91,7.56
548,Iberia,US,2022-05-01 04:11:35,29.9502,-91.7507,74.05,0,5.75
549,San Andres,CO,2022-05-01 04:06:09,12.5847,-81.7006,80.62,75,11.5
550,Cajaruro,PE,2022-05-01 04:11:35,-5.7364,-78.4256,73.78,100,0.78
551,Vostok,RU,2022-05-01 04:11:36,46.4856,135.8833,41.74,100,5.93
552,Taoudenni,ML,2022-05-01 04:03:45,22.6783,-3.9836,74.59,0,17.4
553,Margate,GB,2022-05-01 04:06:19,51.3813,1.3862,48.69,100,1.99
